model_name,seed,AS,PS,RS,F1S,SS,NPV
WOA-MLP,10,0.9777777777777779,0.9722222222222222,0.9629629629629629,0.9658994032395567,0.9824561403508771,0.9848484848484849
